UF,Município,Latitude,Longitude,"2003","2004","2005","2006","2007","2008","2009","2010","2011","2012","Total"
AC,BUJARI,-9.82001962670937,-67.9518592792014,0,0,0,0,2,0,9,0,0,0,11
AC,FEIJÓ,-8.16024753,-70.3539836082165,0,0,0,0,0,0,0,0,7,0,7
AC,PLÁCIDO DE CASTRO,-10.3351332827426,-67.1882600861516,0,0,0,0,0,0,0,0,8,0,8
AC,PORTO ACRE,-9.60085823118788,-67.5405900835194,0,0,0,0,0,0,0,8,0,0,8
AC,RIO BRANCO,-9.97829875272498,-67.8105287004235,0,0,62,0,0,0,1,0,0,0,63
AC,SENA MADUREIRA,-9.065339505,-68.655684061692,0,0,0,8,0,0,0,0,0,0,8
AC,XAPURI,-10.6520719403354,-68.5062948050462,0,0,0,0,0,0,4,0,0,0,4
AL,PENEDO,-10.2961102979023,-36.5804602140902,0,0,0,0,0,203,0,0,0,0,203
AL,RIO LARGO,-9.48615760833584,-35.8524223085924,0,0,0,0,0,401,0,0,0,0,401
AL,ROTEIRO,-9.83218949018835,-35.9812102213932,0,0,0,0,0,0,0,0,51,0,51
AL,UNIÃO DOS PALMARES,-9.159524116522,-36.0331428428073,0,0,0,0,0,52,0,0,0,0,52
AM,BARREIRINHA,-2.79814983692979,-57.0677504898937,0,0,0,0,0,19,0,0,0,0,19
AM,BOCA DO ACRE,-8.75124319609378,-67.3995777566805,0,0,0,0,0,8,0,0,42,159,209
AM,LÁBREA,-7.26194655332705,-64.79477302752,0,2,0,14,10,31,0,9,8,3,77
AM,MANAUS,-3.13469149120194,-60.023335181061,0,0,0,0,0,0,0,0,4,0,4
AM,MANICORÉ,-5.81320526118813,-61.2992484088507,0,0,0,0,0,0,0,0,9,0,9
AM,PARINTINS,-2.62705258583722,-56.736292145195,0,0,0,0,0,15,0,0,0,0,15
AM,PRESIDENTE FIGUEIREDO,-2.058429085233,-60.0256468344674,0,0,0,0,0,12,0,0,0,0,12
BA,BAIANÓPOLIS,-12.3041247007939,-44.5360980467186,0,29,0,20,0,0,0,0,0,0,49
BA,BARRA DO CHOÇA,-14.864273042783,-40.5763729895987,0,0,0,0,0,0,0,17,0,0,17
BA,BARREIRAS,-12.1449248883906,-45.0041684370285,46,0,67,156,82,0,0,40,21,0,412
BA,BOM JESUS DA LAPA,-13.25411437309,-43.417141642139,0,0,0,0,0,0,0,0,1,0,1
BA,COCOS,-14.1710775452171,-44.5456688581222,0,0,0,46,0,0,0,0,0,0,46
BA,CORRENTINA,-13.3417718212105,-44.641086701211,0,68,91,23,0,0,14,0,53,0,249
BA,COTEGIPE,-12.0285973836155,-44.2524761376622,0,14,0,0,0,0,0,0,0,0,14
BA,CRISTÓPOLIS,-12.2314508089662,-44.4118418962999,0,0,0,0,0,0,0,0,7,0,7
BA,FORMOSA DO RIO PRETO,-11.0470324906679,-45.1909909097289,0,39,91,51,0,10,5,0,0,33,229
BA,JABORANDI,-13.625934001962,-44.4659699896562,0,0,0,111,0,0,182,0,0,0,293
BA,JUAZEIRO,-9.41071709622786,-40.5035521594433,0,0,0,0,0,12,0,0,0,0,12
BA,LUIS EDUARDO MAGALHÃES,-12.0783722561968,-45.8004644064563,259,0,6,0,0,0,0,44,4,0,313
BA,RIACHÃO DAS NEVES,-11.7462475299556,-44.9164697719097,0,0,0,30,15,38,0,0,2,0,85
BA,SANTA RITA DE CÁSSIA,-11.0080450698516,-44.5190497202787,0,0,0,74,0,0,0,0,0,0,74
BA,SÃO DESIDÉRIO,-12.3608954905377,-44.9740962396215,784,0,8,18,78,46,14,0,0,19,967
BA,SEBASTIÃO LARANJEIRAS,-14.5748223923478,-42.9441131530547,0,0,0,0,0,0,70,0,0,0,70
BA,SÍTIO DO MATO,-13.0857927061125,-43.4664411672543,0,0,0,0,0,0,0,0,22,0,22
BA,WANDERLEY,-12.1201503140061,-43.8889295198526,0,0,22,0,0,0,0,0,0,0,22
CE,ARACATI,-4.56706647,-37.7727525989112,0,0,0,0,4,0,0,0,0,0,4
CE,BEBERIBE,-4.17476322117715,-38.1232730421463,0,0,0,40,15,0,0,0,0,0,55
CE,PARACURU,-3.41163500915711,-39.0295453441224,0,0,0,0,0,141,0,0,0,0,141
CE,PARAMBU,-6.21033600172243,-40.6942072413457,0,0,0,0,0,51,0,0,0,0,51
CE,SÃO GONÇALO DO AMARANTE,-3.6056325,-38.9720758652802,0,0,0,0,0,0,20,0,0,0,20
CE,SOBRAL,-3.68803768376442,-40.3486680336581,0,0,0,48,0,0,0,0,0,0,48
ES,ALEGRE,-20.7632651351226,-41.5364883187663,0,0,0,0,0,0,6,0,0,0,6
ES,BREJETUBA,-20.157034186191,-41.2896765285112,0,30,0,0,0,0,0,0,22,0,52
ES,CONCEIÇÃO DA BARRA,-18.5984623008997,-39.7274744194389,0,108,0,0,0,64,0,0,0,0,172
ES,JAGUARÉ,-18.9004359095214,-40.0861409923639,0,0,0,0,0,0,0,77,0,0,77
ES,LINHARES,-19.3981059344649,-40.0653057986955,0,0,0,0,0,0,0,15,0,0,15
ES,MARECHAL FLORIANO,-20.4267085919716,-40.680383432888,0,0,0,0,0,0,0,15,0,0,15
ES,PANCAS,-19.224419786132,-40.8560031007125,0,0,0,0,22,0,0,0,0,0,22
ES,PEDRO CANÁRIO,-18.2971915038956,-39.9549369518726,0,106,0,0,0,25,0,0,0,0,131
ES,SANTA TERESA,-19.9377143168606,-40.5989977217141,0,0,0,0,0,0,0,0,0,9,9
ES,SÃO DOMINGOS DO NORTE,-19.1481685100058,-40.621877732717,0,0,0,0,0,0,0,0,0,17,17
ES,SÃO MATEUS,-18.7184469678596,-39.8582005956105,0,0,0,0,0,0,75,0,0,0,75
ES,VILA VELHA,-20.3383741042138,-40.2939566369471,0,0,0,0,0,0,18,0,0,0,18
GO,ANICUNS,-16.4607406192493,-49.9590680177593,0,0,0,0,0,0,0,0,22,14,36
GO,ARAGARÇAS,-15.8977681654152,-52.246854730781,0,0,0,0,0,0,0,143,0,0,143
GO,ARAGUAPAZ,-15.0885303703699,-50.6347424117135,0,0,0,0,0,0,0,0,8,0,8
GO,BARRO ALTO,-14.9737085965343,-48.9157070788234,0,0,0,0,18,0,0,0,0,0,18
GO,BRAZABRANTES,-16.4257149363233,-49.3886672746655,0,0,0,0,181,0,0,0,0,0,181
GO,BRITÂNIA,-15.2385862943788,-51.1672851018916,0,0,0,0,0,0,0,82,0,0,82
GO,CAÇU,-18.5630506239039,-51.1335286136199,0,0,0,0,0,0,96,0,0,0,96
GO,CAMPO ALEGRE DE GOIÁS,-17.6405551366125,-47.7782251013376,0,199,0,0,0,17,2,0,0,0,218
GO,CATALÃO,-18.1695733634179,-47.9477032172157,0,0,0,151,0,0,10,0,0,0,161
GO,CERES,-15.3070283354001,-49.6033462318308,0,0,0,0,36,0,0,0,0,0,36
GO,CRISTALINA,-16.7694336631642,-47.6068175922325,0,0,24,0,0,78,0,0,0,0,102
GO,CRIXÁS,-14.5375902550291,-49.9672039392422,0,0,0,0,0,0,0,0,9,0,9
GO,DOVERLÂNDIA,-16.7210370624642,-52.3139804233095,0,0,8,0,0,0,0,0,0,0,8
GO,FROMOSO,-13.6557801485825,-48.8880896723124,0,0,15,0,0,0,0,0,0,0,15
GO,GOIÂNIA,-16.6733097738389,-49.2558142758157,0,0,0,0,0,0,0,0,11,63,74
GO,GOIATUBA,-18.0106332403566,-49.3666434695634,0,0,0,0,32,0,0,0,0,0,32
GO,GOUVELÂNDIA,-18.4382785343916,-50.1379987972882,0,0,0,0,0,0,0,0,65,0,65
GO,INDIARA,-17.1372613100831,-49.9890531950283,0,0,0,0,0,0,0,0,0,4,4
GO,INHUMAS,-16.3599604740425,-49.5002245065799,0,0,0,0,14,0,115,0,0,0,129
GO,IPAMERI,-17.7221768121533,-48.1586676782561,0,0,0,0,19,0,0,8,0,0,27
GO,ITABERAÍ,-16.0211302070026,-49.8034793740213,0,0,0,0,87,0,0,0,0,0,87
GO,ITAJÁ,-19.0622350464855,-51.5446839593993,0,0,0,0,0,0,0,0,19,7,26
GO,ITARUMÃ,-18.7616602284421,-51.348889900608,0,0,0,0,77,0,0,0,0,0,77
GO,JATAÍ,-17.8862323338404,-51.7208180375604,0,0,0,0,0,95,0,0,0,0,95
GO,JOVIÂNIA,-17.8071094520716,-49.6299398095889,0,0,0,0,0,0,15,99,0,0,114
GO,JUSSARA,-15.8663489233335,-50.8661265899966,0,0,0,0,0,0,0,0,0,14,14
GO,MAIRIPOTABA,-17.2973954688585,-49.5008802854381,0,0,0,0,65,0,0,0,0,0,65
GO,MARA ROSA,-14.0085688956699,-49.1798231432442,0,0,12,0,0,0,0,0,0,0,12
GO,MINAÇU,-13.5350936496024,-48.2239076238009,0,0,62,0,0,0,38,0,0,0,100
GO,MINEIROS,-17.5661675714877,-52.5546671879349,0,0,68,0,0,0,0,3,0,0,71
GO,MONTE ALEGRE DE GOIÁS,-13.2573260767062,-46.8857991383548,0,0,0,0,0,0,0,8,0,0,8
GO,MONTES CLAROS DE GOIÁS,-16.0047599101005,-51.4004988846889,0,0,0,0,0,12,0,0,26,0,38
GO,MONTIVIDIU DO NORTE,-13.3530942565859,-48.6888221238849,0,0,0,43,0,0,0,0,0,0,43
GO,MUTUNÓPOLIS,-13.7236105818188,-49.2744452473581,0,0,6,0,0,0,0,0,0,0,6
GO,NOVO PLANALTO,-13.2409519765794,-49.5120502991919,0,0,0,0,0,0,0,0,5,0,5
GO,PALMEIRA DE GOIÁS,-16.8069880059216,-49.9227871292957,0,0,0,0,64,0,0,0,0,0,64
GO,PARAÚNA,-16.9466970092766,-50.4576405930575,0,0,0,0,0,0,0,0,10,0,10
GO,PIRENÓPOLIS,-15.8533422975453,-48.9625271926178,0,0,162,0,0,0,0,0,0,0,162
GO,PORANGATU,-13.4421859466224,-49.1462260518879,0,46,0,0,0,0,0,0,0,0,46
GO,PORTEIRÃO,-17.8154006298882,-50.1642504168683,0,0,0,0,0,244,0,0,0,0,244
GO,PORTELÂNDIA,-17.3529241047142,-52.6806835438539,0,0,14,0,0,0,0,0,0,0,14
GO,QUIRINÓPOLIS,-18.4515073558846,-50.452262521809,0,0,0,0,0,421,0,0,0,0,421
GO,RIO VERDE,-17.7945434019057,-50.9296809301732,0,0,0,0,0,0,0,0,0,43,43
GO,S.MIGUEL DO ARAGUAIA,-13.2760243429645,-50.1638382701425,0,0,19,0,0,0,0,0,0,0,19
GO,SANTA RITA DO ARAGUAIA,-17.3263507863191,-53.2051465107985,0,0,5,0,0,0,0,0,0,0,5
GO,SANTA TEREZINHA,-14.4334764202998,-49.706202241116,0,0,0,0,0,0,0,0,69,0,69
GO,SANTA TEREZINHA DE GOIÁS,-14.4334764202998,-49.706202241116,0,0,9,0,0,0,0,0,0,0,9
GO,SÃO MIGUEL DO ARAGUAIA,-13.2760243429645,-50.1638382701425,0,0,0,0,0,0,0,0,11,0,11
GO,SERRANÓPOLIS,-18.3077243971449,-51.957777940175,0,0,0,0,0,0,5,0,0,0,5
GO,TRINDADE,-16.6553504288293,-49.4890992025777,0,0,0,0,65,0,0,0,0,0,65
GO,VIANÓPOLIS,-16.7420814386658,-48.5134708970576,0,0,0,0,0,0,23,0,16,14,53
GO,VICENTINÓPOLIS,-17.7326623802989,-49.8072390138539,0,0,0,0,0,0,0,0,39,0,39
GO,VILA PROPÍCIO,-15.4546348167752,-48.8824220764979,0,0,0,0,0,0,24,0,0,0,24
MA,AÇAILÂNDIA,-4.95137700016247,-47.5066645931119,150,151,35,0,27,26,0,17,19,5,430
MA,ALTAMIRA,-4.16226926685314,-45.4646758311604,0,0,0,0,0,0,0,0,6,0,6
MA,ALTO ALEGRE,-4.207227,-44.4482474945232,0,0,0,0,21,0,0,0,0,0,21
MA,ALTO ALEGRE DO PINDARÉ,-3.66517037445328,-45.8420796161705,0,0,12,0,0,0,8,0,0,0,20
MA,AMARANTE DO NORTE,-5.55766200018214,-46.7506375454972,0,0,18,0,0,0,0,0,0,0,18
MA,BACABAL,-4.2315246297805,-44.781555964089,0,0,0,11,0,0,0,0,0,0,11
MA,BALSAS,-7.53116999024551,-46.0389926733405,0,0,20,0,0,9,0,0,0,0,29
MA,BELA VISTA,-3.73773324990828,-45.2482458781848,0,0,0,0,17,0,0,0,0,0,17
MA,BOM JARDIM,-3.54416097785571,-45.601889389051,13,0,0,117,57,0,2,68,4,0,261
MA,BOM JESUS DAS SELVAS,-4.48996835310691,-46.8532412231488,0,6,33,27,0,0,13,7,0,0,86
MA,BURITIRANA,-5.58891514171156,-47.0172250932176,0,0,15,0,0,0,0,0,0,0,15
MA,CAPINZAL DO NORTE,-4.72124538877219,-44.3304362519955,0,0,0,0,48,0,29,0,0,0,77
MA,CARUTAPERA,-1.200602,-46.0231508346049,40,0,0,9,0,0,1,0,1,0,51
MA,CENTRO NOVO,-2.14429169855838,-46.1284089549781,0,18,37,0,0,0,0,0,0,0,55
MA,CIDELÂNDIA,-5.17742104721158,-47.7842327756716,0,0,0,18,0,0,0,0,0,0,18
MA,CODÓ,-4.45133750014621,-43.8860802350324,0,0,79,49,2,0,37,0,0,7,174
MA,COELHO NETO,-4.2547375001398,-43.0140136155495,0,0,0,0,0,0,13,0,0,0,13
MA,GOVERNADOR ARCHER,-5.02538782392683,-44.2757565261253,0,0,0,0,0,0,7,5,0,0,12
MA,GOVERNADOR EDISON LOBÃO,-5.74741173851254,-47.3689358390372,0,0,0,0,0,10,0,0,0,0,10
MA,GOVERNADOR NEWTON BELLO,-3.42970471990356,-45.6745017970092,0,0,0,8,0,0,0,0,0,0,8
MA,IMPERATRIZ,-5.52652402518113,-47.4798108057681,0,0,13,0,0,0,0,0,0,0,13
MA,ITINGA DO MARANHÃO,-4.45500399844588,-47.5279099637573,18,0,0,10,0,0,0,0,0,3,31
MA,JOÃO LISBOA,-5.45366294155917,-47.4050361497683,65,0,33,0,0,0,0,0,10,0,108
MA,LAJEADO NOVO,-6.19160922666686,-47.0324475171003,0,9,0,0,0,0,0,0,0,0,9
MA,MARACAÇUMÉ,-2.05616454951514,-45.9586390371679,0,0,0,0,0,0,0,0,20,0,20
MA,MARANHÃOZINHO,-2.23561699207599,-45.8556114548667,0,0,0,0,0,0,0,0,0,13,13
MA,MATÕES DO NORTE,-3.62751878021672,-44.5502445069401,0,0,0,0,12,0,0,0,0,0,12
MA,MONÇÃO,-3.49393248,-45.2475846706441,0,0,0,0,31,0,0,0,0,0,31
MA,PERITORÓ,-4.37022511765711,-44.3258535239148,0,0,0,13,0,13,24,0,3,0,53
MA,PINDARÉ MIRIM,-3.60550057491388,-45.3468679178432,0,17,0,0,0,0,0,0,0,0,17
MA,PORTO FRANCO,-6.35418186391414,-47.3821649019192,0,0,1,0,0,0,0,0,0,0,1
MA,SANTA INÊS,-3.65857452,-45.3782724523024,0,0,0,0,0,0,0,0,0,12,12
MA,SANTA LUZIA,-3.968391465,-45.6650117249371,0,65,30,0,112,22,27,10,18,26,310
MA,SÃO FRANCISCO DO BREJÃO,-5.13020078716627,-47.3911373985946,10,44,0,0,0,0,0,0,0,0,54
MA,SÃO JOÃO DO CARÚ,-3.56080340686086,-46.2549254827263,0,0,0,0,0,0,0,0,20,0,20
MA,SÃO LUIZ GONZAGA,-4.37391849056592,-44.6627084964498,0,0,0,0,27,0,0,0,0,0,27
MA,SÃO MATEUS,-4.03455051013261,-44.4685628110945,0,0,0,0,24,0,0,0,10,0,34
MA,SÃO PEDRO DA ÁGUA BRANCA,-5.0889109974074,-48.4236235936456,0,0,12,18,0,0,0,0,0,0,30
MA,SÃO RAIMUNDO DAS MANGABEIRAS,-7.02696265716847,-45.4848314302202,0,0,103,0,0,0,0,0,0,0,103
MA,SÃO RAIMUNDO DO DOCA BEZERRA,-5.10318184489716,-45.0841627902782,0,0,0,0,0,19,0,0,0,0,19
MA,SENADOR LA ROQUE,-5.44183249517838,-47.2891914239821,20,13,0,0,0,0,0,0,0,0,33
MA,TURIAÇU,-1.66902204768173,-45.369152417224,0,0,0,0,0,0,0,0,0,1,1
MA,VILA NOVA DOS MARTÍRIOS,-5.18351151920427,-48.1389264826009,0,8,4,0,0,0,0,0,0,0,12
MG,ARAGUARI,-18.6482695268138,-48.1916053790291,0,0,0,0,0,0,0,13,0,0,13
MG,BONFINÓPOLIS DE MINAS,-16.5707647860756,-45.988340657155,0,2,0,0,0,0,0,0,4,0,6
MG,BURITIS,-15.626505489997,-46.424040801173,0,0,0,0,0,0,0,0,9,88,97
MG,BURITIZEIRO,-17.3594207725781,-44.9551936818751,0,0,0,36,16,0,0,0,0,0,52
MG,CAMBUÍ,-22.6110971633732,-46.0580193633378,0,0,0,0,0,0,0,39,0,0,39
MG,CAMPOS ALTOS,-19.6988958417622,-46.1737099168342,0,0,0,25,0,0,0,0,0,0,25
MG,CAMPOS GERAIS,-21.238697907437,-45.7569073652197,0,0,0,0,0,0,0,0,27,0,27
MG,CAPINÓPOLIS,-18.6822937337555,-49.5744822393992,0,0,0,0,0,0,0,207,0,0,207
MG,CARMO DO RIO CLARO,-20.9729965301287,-46.1219647340896,0,0,0,0,0,27,0,0,0,0,27
MG,CÁSSIA,-20.5828560244395,-46.9240358606419,0,0,0,0,0,0,0,0,20,0,20
MG,CLÁUDIO,-20.4445746550273,-44.7684225278901,0,0,0,0,0,0,80,0,0,0,80
MG,CÓRREGO DANTAS,-19.826410021936,-45.8984710283885,0,0,0,7,0,0,0,0,0,0,7
MG,CURVELO,-18.7554807216306,-44.4283989683234,0,0,0,0,0,0,46,0,0,0,46
MG,DIAMANTINA,-18.242092724164,-43.5944568221762,0,0,0,0,0,0,0,0,40,0,40
MG,DIVINÓPOLIS,-20.1420739745819,-44.8938855338722,0,0,0,0,0,0,0,0,56,0,56
MG,ESTIVA,-22.4630450603542,-46.0163518065517,0,0,0,0,0,0,0,46,0,0,46
MG,GUARANÉSIA,-21.3055603706599,-46.7954912202958,0,0,0,0,0,33,0,0,0,0,33
MG,ITURAMA,-19.7319475242371,-50.2019735753731,0,0,0,0,374,0,0,0,0,0,374
MG,JEQUITINHONHA,-16.4417689423789,-41.0071154423797,0,0,0,0,0,11,0,0,0,0,11
MG,JOÃO PINHEIRO,-17.7418529395633,-46.1754635512704,0,0,0,0,0,0,0,7,19,0,26
MG,JUIZ DE FORA,-21.7609243086743,-43.3488172724746,0,0,0,0,0,0,0,0,16,0,16
MG,JUVELÍNEA,-14.263594562885,-44.1595897099681,0,0,0,0,11,0,0,0,0,0,11
MG,LIMEIRA DO OESTE,-19.5477771592958,-50.575290374188,0,0,0,0,0,0,99,0,0,0,99
MG,MACHADO,-21.6783538964701,-45.9217640832215,0,0,0,0,0,16,0,0,0,0,16
MG,MATIAS CARDOSO,-14.8502838776958,-43.9178264365665,0,0,0,0,0,0,0,0,0,18,18
MG,NOVA BELÉM,-18.4940908207837,-41.1036878323569,0,0,0,0,0,0,0,4,0,0,4
MG,OLIVEIRA,-20.6975157761843,-44.8264108664819,0,0,0,4,0,0,0,0,42,0,46
MG,PARACATU,-17.219741910187,-46.8754188909564,0,9,0,0,0,1,170,5,15,0,200
MG,PARAGUAÇU,-21.5473160267617,-45.7326954707608,0,0,0,0,0,0,0,17,0,0,17
MG,PATOS DE MINAS,-18.5925708199233,-46.5159156766059,0,0,0,0,0,0,0,39,0,0,39
MG,PATROCÍNIO,-18.9408129613496,-46.9974382401645,0,0,0,0,0,58,11,0,0,0,69
MG,PEDRA AZUL,-16.0059227890655,-41.2817519782488,0,0,0,0,0,18,0,0,0,0,18
MG,PINTÓPOLIS,-16.0549897298845,-45.1495068805966,0,0,0,0,0,0,0,0,17,0,17
MG,POCRANE,-19.6201444044024,-41.6290012532567,0,0,0,0,0,0,1,0,0,0,1
MG,SANTA FÉ DE MINAS,-16.6873734528008,-45.4136331221547,0,8,0,0,0,0,0,0,0,35,43
MG,SÃO GOTARDO,-19.3127001913321,-46.0531440401029,0,0,0,0,0,0,14,0,0,0,14
MG,SÃO JOÃO DO MANHUAÇU,-20.3954998659809,-42.1521577505493,0,0,0,0,22,0,0,0,0,0,22
MG,SÃO ROMÃO,-16.3686392158312,-45.0691351971251,0,0,0,0,0,0,0,0,8,0,8
MG,SÃO ROQUE DE MINAS,-20.2506708115156,-46.3689949346399,0,0,0,15,0,49,0,0,0,0,64
MG,SÃO SEBASTIÃO DO PARAÍSO,-20.9180654486469,-46.986471825605,0,0,0,0,0,8,0,0,0,0,8
MG,SIMONÉSIA,-20.1220295973937,-42.0038567486968,0,0,0,0,0,0,0,0,11,0,11
MG,TRÊS PONTAS,-21.3687699216518,-45.515474797041,0,0,0,0,0,7,0,0,0,0,7
MG,UNAÍ,-16.3590084924977,-46.8999565952849,0,0,0,0,2,0,0,132,4,0,138
MG,UNIÃO DE MINAS,-19.5297366441284,-50.3308029413544,0,0,0,0,0,0,0,0,0,31,31
MG,VARGINHA,-21.5570800390633,-45.4318861442785,0,0,0,0,0,1,0,0,0,0,1
MS,ÁGUA CLARA,-20.4488507623245,-52.8751175514538,0,0,0,0,6,0,0,0,0,0,6
MS,ALCINÓPOLIS,-18.3250339793627,-53.7080896262812,0,0,0,0,17,0,0,0,0,0,17
MS,AMAMBAI,-23.1005822383763,-55.2438276926236,0,0,0,0,18,0,0,0,0,0,18
MS,AQUIDAUANA,-20.4746543469162,-55.7906160902267,0,0,0,0,33,0,0,0,0,0,33
MS,BANDEIRANTES DO TOCANTINS,-19.9209203030945,-54.363193894284,0,0,0,0,9,0,0,0,0,1,10
MS,BONITO,-21.1243412844495,-56.492858618573,0,0,8,0,0,4,0,0,0,0,12
MS,BRASILÂNDIA,-21.2471181439629,-52.0362967948521,0,0,0,0,1011,0,0,0,0,0,1011
MS,CAMAPUÃ,-19.5352597987482,-54.043309486428,0,0,1,0,12,6,0,0,0,9,28
MS,CAMPO GRANDE,-20.4580299878639,-54.6157435664588,0,0,0,21,0,11,8,0,0,0,40
MS,CARACOL,-22.0127382891947,-57.0259387643523,0,0,10,0,0,0,0,0,0,0,10
MS,CASSILÂNDIA,-19.1094073707569,-51.7315768884039,0,0,0,0,0,0,0,0,0,9,9
MS,CHAPADÃO DO SUL,-18.7977731220362,-52.6263557069986,0,0,7,0,0,0,14,0,0,0,21
MS,CORGUINHO,-19.8312180172351,-54.8300060009778,0,0,0,0,0,13,0,0,0,0,13
MS,CORUMBÁ,-19.0063746546458,-57.6489854573401,0,0,0,0,0,0,0,0,0,10,10
MS,COSTA RICA,-18.5435483884105,-53.1330469048741,0,0,0,0,0,10,0,0,0,0,10
MS,COXIM,-18.5084105386466,-54.7580559501932,0,0,0,0,0,7,0,8,0,0,15
MS,DOIS IRMÃOS DO BURITI,-20.6923120582393,-55.2819144863289,0,0,0,0,0,6,0,0,0,0,6
MS,DOURADOS,-22.2272355368988,-54.8112891228926,0,0,0,0,20,11,0,0,7,0,38
MS,FIGUEIRÃO,-18.6754480707675,-53.6425733238917,0,0,0,0,9,0,0,0,0,0,9
MS,IGUATEMI,-23.6619015645077,-54.5586010866498,0,0,0,0,498,126,0,0,0,0,624
MS,NAVIRAÍ,-23.0599994824999,-54.198836170118,0,0,0,0,0,0,0,0,368,0,368
MS,PEDRO GOMES,-18.1018562342506,-54.552445829166,0,0,0,0,0,15,0,0,0,0,15
MS,PONTA PORÃ,-22.4861870787602,-55.7108501778637,0,0,0,0,0,0,0,0,0,5,5
MS,PORTO MURTINHO,-21.707324558832,-57.8884823022607,0,0,0,19,1,10,0,0,0,0,30
MS,RIO VERDE,-18.9165864402561,-54.8422536901124,0,0,0,0,0,0,0,0,4,0,4
MS,SÃO GABRIEL D'OESTE,-19.3955213701578,-54.56456909376,0,0,0,0,0,17,0,0,0,0,17
MS,SELVÍRIA,-20.3667425853307,-51.4189369057613,0,0,0,0,12,0,0,0,0,0,12
MS,TRÊS LAGOAS,-20.7886791613914,-51.7100006287942,29,0,0,0,0,0,0,0,0,0,29
MT,ALTA FLORESTA,-9.87172259661951,-56.0916104404737,0,0,3,0,0,12,0,0,0,0,15
MT,APIACÁS,-9.56549516872457,-57.3954022412255,0,0,0,0,0,0,0,15,0,0,15
MT,ARAPUTANGA,-15.4681442696684,-58.3483671518682,0,0,0,0,0,0,6,0,0,0,6
MT,BOM JESUS DO ARAGUAIA,-12.1735983436531,-51.5036392318627,15,0,0,0,0,0,7,0,0,0,22
MT,BRASNORTE,-12.1249381398803,-58.0026736277871,0,24,0,0,47,0,14,0,4,0,89
MT,CÁCERES,-16.0740956303636,-57.674762307218,0,0,0,0,0,0,5,0,0,3,8
MT,CAMPO NOVO DOS PARECIS,-13.6547331732023,-57.8885464788371,0,27,0,0,0,0,0,0,0,0,27
MT,CAMPOS DE JÚLIO,-13.7199230456404,-59.2634085205862,0,0,35,249,0,0,0,0,0,0,284
MT,CANARANA,-13.559229509583,-52.2734568634775,8,0,0,0,0,0,0,0,0,0,8
MT,CASTANHEIRA,-11.1341078575921,-58.613409263696,0,0,0,0,0,0,0,0,0,12,12
MT,CHAPADA DOS GUIMARÃES,-15.4605696789084,-55.745004517892,0,0,0,0,0,0,0,0,11,0,11
MT,CLÁUDIA,-11.5053107376486,-54.8741824477687,0,18,0,0,0,0,0,0,0,0,18
MT,COMODORO,-13.6605599169828,-59.790430994422,0,0,0,0,0,6,0,0,0,0,6
MT,CONFRESA,-10.6407305770376,-51.5710336178614,272,0,1013,0,0,7,55,0,0,0,1347
MT,COTRIGUAÇU,-9.88625387152961,-58.6068949710817,0,0,0,0,0,0,0,6,0,0,6
MT,CUIABÁ,-15.5699890131206,-56.0732520381911,0,0,0,0,0,0,0,0,2,0,2
MT,DIAMANTINO,-14.4013229621649,-56.4335660815119,0,0,0,0,1,0,0,0,0,0,1
MT,FELIZ NATAL,-12.383247028174,-54.9339040664254,0,0,0,0,15,20,0,0,0,8,43
MT,IPIRANGA DO NORTE,-12.2368420001758,-56.1597931355503,0,0,0,0,0,6,0,0,0,0,6
MT,JAURU,-15.3418963815145,-58.879838397363,0,0,0,0,0,102,0,0,0,0,102
MT,JUARA,-11.2503599784852,-57.5131232183311,0,3,0,21,4,61,0,7,5,0,101
MT,LUCAS DO RIO VERDE,-13.0704649508999,-55.9217707091116,0,0,0,0,0,0,6,0,0,0,6
MT,MARCELÂNDIA,-11.0805914112816,-54.5193062321905,0,0,0,0,5,9,0,0,0,0,14
MT,NORTELÂNDIA,-14.4537245567653,-56.8020689751515,0,0,0,0,0,35,0,0,0,0,35
MT,NOVA BANDEIRANTES,-9.84295282030581,-57.818475798533,0,0,16,0,0,0,0,11,0,7,34
MT,NOVA CANAÃ DO NORTE,-10.6311042290192,-55.7148773060437,0,0,0,0,0,11,11,8,0,0,30
MT,NOVA LACERDA,-14.4697889940042,-59.5903305027945,0,0,0,0,0,0,3,0,0,0,3
MT,NOVA MONTE VERDE,-9.97261692693498,-57.4723693069132,0,0,0,0,0,28,21,0,0,9,58
MT,NOVA MUTUM,-13.832725692724,-56.1100052480977,0,0,0,0,0,24,2,0,0,0,26
MT,NOVA OLÍMPIA,-14.7794142418652,-57.2829239619583,0,0,0,0,0,67,0,0,0,0,67
MT,NOVA UBIRATÃ,-13.0338277159555,-55.2732133189839,14,13,15,0,0,0,4,4,0,0,50
MT,NOVO MUNDO,-9.97710919449312,-55.1720189315524,136,0,0,0,0,0,0,6,0,0,142
MT,PARANAÍTA,-9.66965549852605,-56.4788997201888,0,0,0,0,0,9,10,6,0,0,25
MT,PARANATINGA,-14.4276984800988,-54.0540919919065,0,0,0,46,0,0,0,0,0,0,46
MT,PEIXOTO DE AZEVEDO,-10.2448420827713,-54.9922974013687,0,0,0,0,11,0,0,0,0,0,11
MT,POCONÉ,-16.2595094669667,-56.6265093527349,0,0,318,0,0,0,0,0,0,0,318
MT,PONTAL DO ARAGUAIA,-15.9024713438392,-52.2585111119354,0,0,0,0,0,0,23,0,0,0,23
MT,PONTES E LACERDA,-15.2297275711099,-59.3380018443656,0,0,0,0,0,10,0,0,0,0,10
MT,PORTO DOS GAÚCHOS,-11.5338400294576,-57.408353838005,0,0,0,0,14,0,0,0,17,0,31
MT,PORTO ESPERIDIÃO,-15.8576348619177,-58.469298742252,0,0,0,0,0,0,11,0,0,0,11
MT,PORTO ESTRELA,-15.3313363060042,-57.201357299911,0,0,0,0,0,12,0,0,0,0,12
MT,PRIMAVERA DO LESTE,-15.552293593114,-54.3000532591226,0,0,0,0,0,0,0,0,12,0,12
MT,QUERÊNCIA,-12.5922996263044,-52.2098919155941,0,28,0,0,0,0,0,0,0,0,28
MT,RIBEIRÃO CASCALHEIRA,-12.9320485634906,-51.8333633451013,0,0,0,0,0,9,0,0,0,0,9
MT,RONDOLÂNDIA,-10.8443019740102,-61.4596781719947,0,0,0,0,0,3,0,11,0,0,14
MT,ROSÁRIO OESTE,-14.8264275714772,-56.4282932054053,0,0,0,0,0,0,21,0,0,0,21
MT,SANTA RITA DO TRIVELATO,-13.8161897319564,-55.2776928814179,73,0,0,0,0,0,0,0,0,0,73
MT,SANTA TEREZINHA,-10.4661116195782,-50.5062664379029,3,0,0,96,0,0,0,0,0,0,99
MT,SANTO ANTÔNIO DO LEVERGER,-15.8691790439574,-56.0941622007565,0,0,0,0,0,0,0,0,14,0,14
MT,SÃO FÉLIX DO ARAGUAIA,-11.6160823259386,-50.6619863699343,39,15,0,0,0,0,0,0,18,0,72
MT,SÃO JOSÉ DO RIO CLARO,-13.4520683374105,-56.7215837606848,0,0,0,0,0,0,0,0,0,9,9
MT,SÃO JOSÉ DO XINGU,-10.8002641630325,-52.7397936398726,0,0,0,0,0,16,0,0,0,0,16
MT,SAPEZAL,-13.538195353471,-58.8121380141754,0,0,0,0,0,0,78,0,0,0,78
MT,SINOP,-11.8580053080776,-55.5009220023867,0,53,0,3,0,0,0,0,0,7,63
MT,SORRISO,-12.5517767078454,-55.7259136750912,57,0,0,0,0,0,9,0,0,0,66
MT,TABAPORÃ,-11.3075079570382,-56.8248337962705,0,0,0,0,0,21,0,1,0,0,22
MT,TAPURAH,-12.7320686313156,-56.5194858964734,0,18,10,0,0,110,18,7,0,0,163
MT,UNIÃO DO SUL,-11.5355107507237,-54.3748444105851,0,0,0,29,0,0,0,0,0,0,29
MT,VÁRZEA GRANDE,-15.6580648240885,-56.1446637401865,0,0,2,0,0,0,0,24,0,0,26
MT,VERA,-12.2840488631766,-55.3009185748599,53,0,0,0,0,0,0,0,0,0,53
MT,VILA BELA DA SANTÍSSIMA TRINDADE,-15.0093244787805,-59.952558199478,5,0,0,0,0,0,0,0,0,0,5
MT,VILA RICA,-10.0133521818688,-51.1168225790044,8,127,0,0,10,0,4,13,0,0,162
PA,ABEL FIGUEIREDO,-4.95139089553129,-48.3967621257944,0,0,43,36,0,19,15,24,22,11,170
PA,AFUÁ,-0.159171693779796,-50.3914275892332,21,0,0,0,0,0,0,0,0,0,21
PA,ÁGUA AZUL DO NORTE,-6.80494886740537,-50.4852745072531,27,0,0,13,0,26,0,46,13,0,125
PA,ALTAMIRA,-3.20565951,-52.2143763052078,6,79,0,8,33,0,0,7,0,32,165
PA,ANAPU,-3.47610463506868,-51.201621798458,0,20,0,0,0,0,7,0,0,0,27
PA,BAIÃO,-2.79196186136136,-49.6727533733252,0,0,0,0,29,16,0,0,0,0,45
PA,BANNACH,-7.3510721924244,-50.4060471215195,33,0,0,0,0,0,0,0,0,0,33
PA,BOM JESUS DO TOCANTINS,-5.04736270432028,-48.5990399590614,0,11,0,0,0,14,10,0,0,0,35
PA,BRASIL NOVO,-3.29780370400837,-52.5434411922788,0,5,0,80,0,0,0,0,0,0,85
PA,BREJO GRANDE DO ARAGUAIA,-5.70729615383609,-48.4057604223873,5,0,79,0,15,6,0,17,0,0,122
PA,BREU BRANCO,-3.77813541287867,-49.5698796832857,37,0,0,12,0,35,0,0,0,0,84
PA,CANAÃ DOS CARAJÁS,-6.5321966156294,-49.8489584319153,0,24,0,0,0,0,0,0,0,0,24
PA,CAPITÃO POÇO,-1.74618729323751,-47.0628253774008,0,0,0,0,0,0,6,0,0,0,6
PA,CASTANHEIRA,-1.29575680504524,-47.9266431419442,0,0,0,0,10,0,0,0,0,0,10
PA,CONCEIÇÃO DO ARAGUAIA,-8.26486352999999,-49.2645008124956,0,0,0,0,0,0,0,4,11,0,15
PA,CONCÓRDIA DO PARÁ,-1.98452146277275,-47.9498869390047,0,0,0,0,0,15,0,0,0,0,15
PA,CUMARU DO NORTE,-7.81110653689926,-50.771578377513,360,0,0,73,0,0,0,15,0,0,448
PA,CURIONÓPOLIS,-6.09681995220666,-49.6022142249504,12,0,0,0,0,2,0,0,19,0,33
PA,DOM ELISEU,-4.29077772,-47.5559148859934,64,49,102,129,0,0,0,2,5,0,351
PA,ELDORADO DOS CARAJÁS,-6.10352516107138,-49.3739519421522,36,0,0,16,20,13,11,15,0,0,111
PA,FLORESTA DO ARAGUAIA,-7.55870087237007,-49.6975784122372,1,0,0,0,0,0,0,0,0,0,1
PA,GOIANÉSIA DO PARÁ,-3.842468,-49.1010449237425,77,34,178,45,28,38,36,27,19,1,483
PA,IGARAPÉ-MIRI,-1.983116,-48.9622994689466,0,0,0,0,0,0,0,0,7,0,7
PA,IPIXUNA DO PARÁ,-2.5575285,-47.4997175887982,0,0,23,20,43,0,6,0,0,0,92
PA,ITAITUBA,-4.26372948,-55.9900488572777,0,0,28,0,0,0,0,0,0,0,28
PA,ITUPIRANGA,-5.12883702636091,-49.324425861286,14,0,17,0,229,6,29,33,0,15,343
PA,JACAREACANGA,-6.22355173138644,-57.7663398583794,0,0,0,0,0,0,0,6,0,0,6
PA,JACUNDÁ,-4.448405475,-49.1127815625674,0,0,0,0,0,33,6,0,0,15,54
PA,MARABÁ,-5.35260576313025,-49.1420253334066,184,65,22,71,36,32,34,2,9,161,616
PA,MEDICILÂNDIA,-3.44541741218688,-52.8883453507242,0,0,0,13,0,0,0,42,0,9,64
PA,MOJU,-1.885889,-48.7671991273718,0,0,0,0,15,11,7,11,4,10,58
PA,NOVO PROGRESSO,-7.03483591328811,-55.4198701179783,0,0,0,0,0,0,0,0,0,12,12
PA,NOVO REPARTIMENTO,-4.2481485,-49.9486382443426,65,0,0,0,59,8,15,12,20,15,194
PA,OEIRAS,-2.004734,-49.8551061087735,0,0,0,0,0,0,0,32,0,0,32
PA,OURILÂNDIA DO NORTE,-6.74061708637735,-51.0908327746815,14,0,13,0,0,7,16,48,4,0,102
PA,PACAJÁ,-3.8303057037573,-50.6348408304297,0,161,87,235,38,3,4,0,31,48,607
PA,PALESTINA DO PARÁ,-5.74993410622605,-48.3217937261636,19,5,0,0,3,0,0,0,0,5,32
PA,PARAGOMINAS,-2.9941905,-47.3569615610518,21,0,84,141,72,91,18,0,11,0,438
PA,PARAUAPEBAS,-6.07272988763183,-49.9007806342969,0,0,0,0,0,0,8,9,2,0,19
PA,PAU D'ARCO,-7.83679440397356,-50.0482755318998,0,0,0,0,0,0,0,0,0,10,10
PA,PIÇARRA,-6.45367623455792,-48.8684006672186,0,35,0,0,0,0,0,0,0,0,35
PA,PLACAS,-3.86731556213535,-54.2169681312653,0,0,0,0,0,88,5,0,0,0,93
PA,PRAINHA,-1.8056945,-53.4818139407894,0,0,0,0,0,0,0,0,0,11,11
PA,REDENÇÃO,-8.0276045,-50.0296418255092,263,0,0,0,0,0,0,0,29,0,292
PA,RIO MARIA,-7.31111524468814,-50.0464108775223,27,0,39,0,0,0,0,0,0,0,66
PA,RONDON DO PARÁ,-4.77782172703554,-48.0699737493982,16,126,48,14,0,77,14,83,0,0,378
PA,SANTA LUIZA DO PARÁ,-1.51882789138751,-46.9061692026983,0,0,0,0,0,32,0,0,0,0,32
PA,SANTA MARIA DAS BARREIRAS,-8.87055053969294,-49.7193518572256,64,0,0,0,0,0,0,28,0,0,92
PA,SANTANA DO ARAGUAIA,-9.329424525,-50.3448043211289,107,127,91,0,0,0,0,0,0,23,348
PA,SANTARÉM,-2.43621332999996,-54.718570167271,0,0,0,0,6,0,0,0,0,0,6
PA,SÃO DOMINGOS DO ARAGUAIA,-5.549841,-48.7203734107843,0,0,11,0,7,0,0,18,0,0,36
PA,SÃO FÉLIX DO XINGU,-6.64248327834078,-51.9937825239643,169,44,118,36,93,117,58,76,14,25,750
PA,SÃO GERALDO,-6.39895797,-48.5557124861925,0,16,0,0,0,0,0,0,0,0,16
PA,SÃO GERALDO DO ARAGUAIA,-6.39895797,-48.5557124861925,0,7,22,31,2,26,1,0,13,12,114
PA,SÃO JOÃO DA PONTA,-0.851002145269607,-47.9207241656461,0,0,0,0,0,1,0,0,0,0,1
PA,SÃO JOÃO DO ARAGUAIA,-5.3590027244164,-48.7886334020461,17,0,0,0,0,0,0,0,0,0,17
PA,SAPUCAIA,-6.94285711257384,-49.7035807118843,107,0,0,0,0,0,0,0,0,0,107
PA,SOURE,-0.7259255,-48.5160126622773,0,0,0,0,30,0,0,0,0,0,30
PA,TAILÂNDIA,-2.9370795,-48.9512816295757,0,18,0,27,0,0,0,6,4,52,107
PA,TOMÉ-AÇU,-2.41936685526732,-48.1468965865719,0,59,0,36,0,76,5,0,0,0,176
PA,TRAIRÃO,-4.69981914969727,-55.9961700349273,0,0,0,0,0,0,5,0,0,0,5
PA,TUCUMÃ,-6.74997200738228,-51.1395392466357,0,0,0,0,0,0,4,0,0,0,4
PA,TUCURUÍ,-3.76688908431163,-49.6671843672247,0,0,22,26,17,15,0,0,0,0,80
PA,ULIANÓPOLIS,-3.75719301,-47.5031447549991,42,31,95,0,1113,0,0,0,0,9,1290
PA,URUARÁ,-3.7065285,-53.7370310504593,0,0,59,0,35,4,0,0,0,6,104
PA,VISEU,-1.20327852667727,-46.1387652161495,0,7,0,0,0,0,0,0,0,0,7
PA,VITÓRIA DO XINGU,-2.88376571022879,-52.0112603538154,0,10,0,0,0,0,0,0,0,0,10
PA,XINGUARA,-7.10151282714603,-49.9427005843752,21,5,24,0,0,0,6,0,0,0,56
PB,BOA VISTA,-7.25791308057966,-36.2353736587535,0,0,0,0,0,0,0,27,0,0,27
PE,ALIANÇA,-7.6047298084634,-35.228501497065,0,0,0,0,0,0,245,0,0,0,245
PE,AMARAJI,-8.378487,-35.4507729209957,0,0,0,0,0,0,45,0,0,0,45
PE,ESCADA,-8.36252199,-35.2361574244475,0,0,0,0,0,0,89,0,0,0,89
PE,MORENO,-8.11869453,-35.0948690998838,0,0,0,0,0,0,40,0,0,0,40
PE,PALMARES,-8.6790825,-35.588335993758,0,0,0,0,0,300,0,0,0,0,300
PE,RIBEIRÃO,-8.51111604,-35.3761308237038,0,0,0,0,0,9,0,0,0,0,9
PI,ANTÔNIO ALMEIDA,-7.21935583400696,-44.1965353200182,0,0,0,0,0,18,0,0,0,0,18
PI,AROAZES,-6.11285025626381,-41.7974533387939,0,0,0,0,8,0,0,0,0,0,8
PI,BAIXA GRANDE DO RIBEIRO,-7.85335195918548,-45.2128152925669,0,17,0,0,0,0,0,6,0,0,23
PI,BARREIRAS DO PIAUÍ,-9.92124682674305,-45.4777877054503,0,0,0,0,0,0,0,0,0,22,22
PI,BOM JESUS,-9.07094898367372,-44.3605250848238,0,0,0,0,0,0,0,0,0,14,14
PI,CORRENTE,-10.4409360381237,-45.1633125235767,0,0,0,0,0,5,11,0,0,0,16
PI,JERUMENHA,-7.08463219387257,-43.502743006402,0,0,0,88,0,0,0,0,0,0,88
PI,MANOEL EMÍDIO,-8.01135867397569,-43.8754746716661,0,0,18,0,0,0,0,0,0,0,18
PI,MONTE ALEGRE DO PIAUÍ,-9.75583366808834,-45.2957402208575,0,0,0,0,0,17,0,0,0,21,38
PI,MORRO CABEÇA NO TEMPO,-9.71931949215442,-43.9018743653613,0,0,0,0,0,44,0,0,0,0,44
PI,NAZARÉ DO PIAUÍ,-6.96712849109696,-42.6682272300916,0,0,0,0,0,0,0,0,0,9,9
PI,PALMEIRA DO PIAUÍ,-8.72950111876504,-44.2325685791725,0,0,0,0,0,0,0,14,0,0,14
PI,PARANAGUÁ,-10.2171809705429,-44.6343146131201,0,0,0,0,0,10,0,0,0,0,10
PI,PORTO ALEGRE DO PIAUÍ,-6.97172468664628,-44.1948371018939,0,0,0,0,0,35,0,0,0,0,35
PI,REDENÇÃO DO GURGUÉIA,-9.49344824144474,-44.5812141605608,0,0,0,0,155,0,0,0,0,9,164
PI,RIBEIRO GONÇALVES,-7.55803424497218,-45.2456386842601,0,21,0,0,0,0,0,0,0,0,21
PI,SANTA FILOMENA,-9.10679570533628,-45.9205564410726,0,0,0,0,0,0,0,0,5,0,5
PI,SEBASTIÃO LEAL,-7.57738563015194,-44.0676917696103,0,0,37,0,0,0,0,0,0,0,37
PI,TERESINA,-5.0863419523217,-42.8052704582233,0,0,0,0,24,0,0,0,0,22,46
PI,URUÇUI,-7.22950334456247,-44.5602559238525,0,0,0,0,8,0,0,0,0,0,8
PR,ADRIANÓPOLIS,-24.6616897054528,-48.9917545384253,0,0,0,0,0,0,12,0,0,0,12
PR,BITURUNA,-26.1607944758406,-51.5565252574648,0,0,0,0,0,0,36,0,0,0,36
PR,BOCAIUVA DO SUL,-25.2149015836902,-49.1057874827993,0,0,0,13,0,0,0,0,0,0,13
PR,CAMPINA DO SIMÃO,-25.102578469803,-51.8147865320915,0,0,0,0,81,0,0,0,0,0,81
PR,CAMPINA GRANDE DO SUL,-25.303247505,-49.0534658723571,0,0,0,0,28,0,0,0,0,0,28
PR,CERRO AZUL,-24.8189473027859,-49.2603168259064,0,0,0,0,0,70,40,0,0,0,110
PR,CLEVELÂNDIA,-26.4052052933614,-52.352986201218,0,0,0,0,0,0,24,19,0,0,43
PR,CURITIBA,-25.432956,-49.2718478850774,0,0,0,0,0,0,0,0,11,0,11
PR,DOMINGOS SOARES,-26.2265477684456,-52.0345386761734,0,0,0,0,0,0,9,0,0,0,9
PR,DOUTOR ULYSSES,-24.5678364522416,-49.4197717989297,0,0,0,0,0,0,29,0,0,0,29
PR,GENERAL CARNEIRO,-26.4258025265901,-51.3168589232394,0,0,0,0,9,10,48,11,8,0,86
PR,GUARAPUAVA,-25.39359198,-51.4634310776746,0,0,0,13,0,0,0,0,0,0,13
PR,IRATI,-25.4737362989273,-50.6580481227737,0,0,0,0,0,51,0,0,0,0,51
PR,PALMAS,-26.481472515,-51.9887738877127,0,0,0,0,0,0,0,84,2,9,95
PR,PEROBAL,-23.8945617452712,-53.4115002037974,0,0,0,0,0,0,0,0,0,125,125
PR,PORTO VITÓRIA,-26.1634752041938,-51.2366947363773,0,0,0,0,0,0,0,0,6,0,6
PR,RESERVA,-24.651648,-50.8505958054306,0,0,0,0,0,0,0,0,0,5,5
PR,RIO BRANCO DO SUL,-25.190165351554,-49.3167138827683,0,0,0,14,0,0,0,0,0,0,14
PR,SÃO JOÃO DO TRIUNFO,-25.6918750639246,-50.3080640619123,0,0,0,0,0,0,25,0,0,0,25
PR,SÃO MATEUS DO SUL,-25.869599505,-50.3906242547046,0,0,0,0,0,24,4,0,0,10,38
PR,TIJUCAS DO SUL,-25.9201804801752,-49.1822439412764,0,0,0,0,11,0,0,0,0,0,11
PR,TUNAS DO PARANÁ,-24.9723811901187,-49.0860587993651,0,0,82,0,0,0,0,0,0,15,97
PR,UNIÃO DA VITÓRIA,-26.2284345,-51.0906095229866,0,0,0,0,0,8,0,6,0,0,14
RJ,ARARUAMA,-22.8774383873543,-42.3410960231633,2,0,0,0,0,0,0,0,0,0,2
RJ,BOM JARDIM,-22.1533052283079,-42.4172114822867,0,0,0,0,0,0,0,0,20,0,20
RJ,CABO FRIO,-22.880764667133,-42.0200748019026,64,0,0,0,0,0,0,0,0,0,64
RJ,CAMPOS DOS GOYTACAZES,-21.751898632064,-41.3304764918626,355,0,0,0,0,0,521,33,73,0,982
RJ,CONCEIÇÃO DO MACABU,-22.0878715265253,-41.8677585057147,0,0,0,0,0,0,0,1,0,0,1
RJ,DUAS BARRAS,-22.0589060899401,-42.5150976314669,0,0,0,0,0,0,0,0,9,2,11
RJ,PARACAMBI,-22.6097271620662,-43.7093845630292,0,0,0,0,49,0,0,0,0,0,49
RJ,RIO DE JANEIRO,-22.8766521181864,-43.2278751249951,0,0,0,44,0,46,0,0,0,0,90
RJ,SANTO ANTÔNIO DE PÁDUA,-21.5359771209444,-42.1779115574881,0,0,0,0,0,0,0,0,9,7,16
RJ,SÃO FRANCISCO DO ITABAPOANA,-21.4801381322882,-41.1177197285797,0,0,0,0,0,0,0,24,0,0,24
RJ,VALENÇA,-22.2447194311793,-43.704843678327,25,0,0,0,0,0,0,0,0,0,25
RN,ALTO DO RODRIGUES,-5.293807787638,-36.7594926142106,0,29,0,0,0,0,0,0,0,0,29
RN,MAXARANGUAPE,-5.50545626577382,-35.262074868072,0,0,0,0,0,7,0,0,0,0,7
RO,ARIQUEMES,-9.90846286656719,-63.0332692780483,0,0,0,0,0,0,0,1,6,0,7
RO,CACAULÂNDIA,-10.3388728393928,-62.9031899345687,0,0,0,0,0,0,0,0,7,0,7
RO,CEREJEIRAS,-13.1950330320399,-60.8184261646814,73,0,0,0,0,0,0,0,0,0,73
RO,CHUPINGUAIA,-12.5568407610938,-60.9018477499553,128,18,19,0,0,5,0,0,6,0,176
RO,CORUMBIARA,-12.9975202364834,-60.9487011706614,63,0,23,0,0,0,0,0,0,0,86
RO,CUJUBIM,-9.37819339905712,-62.5871745319209,0,0,0,0,0,0,0,0,22,0,22
RO,GUAJARÁ MIRIM,-10.7738837406704,-65.3239518196923,0,0,0,0,0,0,0,0,18,0,18
RO,JI-PARANÁ,-10.882051318349,-61.9450945826841,0,0,0,0,0,0,53,0,12,0,65
RO,PIMENTEIRAS DO OESTE,-13.4765620024615,-61.0443790025384,219,0,0,0,0,0,0,0,0,0,219
RO,PORTO VELHO,-8.76889179,-63.8314456543611,0,0,0,0,0,23,5,25,9,10,72
RO,VILHENA,-12.7413734718029,-60.1385838660987,0,0,0,0,0,0,1,0,0,0,1
RO,VISTA ALEGRE DO ABUNÃ,-8.76889179,-63.8314456543611,0,0,0,0,0,0,0,11,0,0,11
RR,CANTÁ,2.60766639841651,-60.6020628476112,0,0,0,0,0,0,26,0,0,0,26
RS,BOM JESUS,-28.6705776756427,-50.4333492699801,0,0,0,0,0,0,0,24,0,0,24
RS,CACEQUI,-29.8802876604795,-54.8277276903362,0,0,0,0,47,0,0,0,0,0,47
RS,CAMBARÁ DO SUL,-29.0481752734455,-50.1437653842536,0,0,35,0,0,0,0,0,0,0,35
RS,CANGUÇU,-31.3938595243163,-52.6762858320723,0,0,0,0,0,0,0,0,0,6,6
RS,MOSTARDAS,-31.1082251074074,-50.9191588510716,0,0,0,0,0,0,9,0,0,0,9
RS,NOVA BRÉSCIA,-29.2165114325476,-52.0179835406116,0,0,0,0,0,0,0,0,0,12,12
RS,SÃO FRANCISCO DE PAULA,-29.4440980747993,-50.5821081078304,0,0,0,0,0,0,0,0,3,0,3
RS,SÃO GABRIEL,-30.3367600548514,-54.3204778581076,0,0,0,0,0,4,0,0,0,0,4
RS,SÃO JERÔNIMO,-29.9594386648049,-51.7281775032404,0,0,0,0,0,0,0,0,5,0,5
RS,SÃO JOSÉ DO NORTE,-32.020609112738,-52.0342022719838,0,0,0,0,0,0,5,0,0,0,5
RS,URUGUAIANA,-29.7598231720144,-57.0818249090229,0,0,0,0,0,0,4,0,0,0,4
RS,VACARIA,-28.5023543951863,-50.9365991641211,0,0,0,0,0,0,0,0,20,0,20
SC,ARAQUARI,-26.3759515540741,-48.6927074119294,0,0,0,0,0,6,0,0,0,0,6
SC,ARVOREDO,-27.0735335581574,-52.4577888411625,0,0,0,0,0,0,0,40,0,0,40
SC,BALNEÁRIO BARRA DO SUL,-26.4564295671176,-48.6066458760073,0,0,0,0,0,28,0,0,0,0,28
SC,BLUMENAU,-26.9161077053066,-49.0576308843611,0,0,0,0,26,0,0,0,0,0,26
SC,BOCAINA DO SUL,-27.7431983069377,-49.9458979108069,0,0,0,0,0,0,0,5,0,0,5
SC,CAÇADOR,-26.7753476727181,-51.019034758998,0,0,0,0,0,2,0,0,0,0,2
SC,CALMON,-26.6046771770733,-51.0966349045981,0,0,0,0,0,0,32,12,0,0,44
SC,CANOINHAS,-26.1788070142524,-50.3978487118932,0,0,0,7,0,0,0,5,10,0,22
SC,CAPÃO ALTO,-27.9416852818149,-50.5114792925863,0,0,0,0,0,0,0,0,0,13,13
SC,CATANDUVAS,-27.0720352215709,-51.6589480985776,0,0,0,0,0,0,0,0,2,0,2
SC,CHAPECÓ,-27.1068370215332,-52.6170311134137,0,0,0,0,0,0,0,0,10,0,10
SC,CONCÓRDIA,-27.2336587800538,-52.0239710697483,0,0,0,0,0,0,0,0,6,14,20
SC,CORREIA PINTO,-27.5848083449709,-50.3637605546149,0,0,0,0,0,0,0,5,0,0,5
SC,CURITIBANOS,-27.2829825064662,-50.5826010352621,0,0,0,0,0,61,0,0,0,0,61
SC,HERVAL DO OESTE,-27.1703031847072,-51.4962153102599,0,0,0,0,0,2,0,0,0,0,2
SC,IMBUIA,-27.4946042536369,-49.4277293449917,0,0,0,0,0,0,28,0,0,0,28
SC,IRINEÓPOLIS,-26.2366129371022,-50.803900049813,0,0,0,0,0,0,0,12,0,0,12
SC,LAGES,-27.8172594631137,-50.3302224241895,0,0,0,0,0,0,0,0,2,12,14
SC,LEBON RÉGIS,-26.92911401117,-50.6918278644481,0,0,0,0,0,0,38,0,0,0,38
SC,LINDÓIA DO SUL,-27.0474644814816,-52.0809226441985,0,0,0,0,0,0,0,0,4,0,4
SC,MONTE CASTELO,-26.4563624721632,-50.2262714328843,0,0,0,0,0,0,0,0,10,0,10
SC,PASSOS MAIA,-26.780889147192,-52.0617238004269,0,0,0,0,0,20,0,0,6,0,26
SC,PETROLÂNDIA,-27.5281268330003,-49.6948686231007,0,0,0,0,13,0,0,0,0,0,13
SC,PORTO UNIÃO,-26.230004898086,-51.0816046335965,0,0,0,0,0,7,0,0,9,0,16
SC,RIO NEGRINHO,-26.255325027927,-49.5172950755856,0,0,0,37,0,0,0,0,22,0,59
SC,SANTA CECÍLIA,-26.9569007446141,-50.4229016203404,0,0,0,0,0,6,0,0,0,6,12
SC,SÃO JOAQUIM,-28.2947124992119,-49.9367417605442,0,0,0,0,0,0,0,154,0,0,154
SC,SÃO JOSÉ DO CERRITO,-27.6685865187533,-50.5813861763305,0,0,0,0,0,0,0,0,8,0,8
SC,URUBICI,-28.0045549120328,-49.5882056111042,0,0,0,0,0,0,0,5,0,0,5
SC,VARGEM BONITA,-27.0032416045091,-51.7447401814046,0,0,0,0,13,0,0,0,0,0,13
SC,XANXERÊ,-26.8745844992385,-52.4046671389753,0,0,0,0,0,0,0,15,6,0,21
SP,AMERICANA,-22.7408835,-47.3303629263814,0,0,0,0,0,0,0,0,38,0,38
SP,ARARAQUARA,-21.7903595,-48.1744399375437,0,0,0,0,0,0,0,0,2,0,2
SP,BARUERI,-23.508902,-46.8746528865305,0,0,0,0,0,0,0,0,15,0,15
SP,BOFETE,-23.1025199999813,-48.2600330588197,0,0,0,0,0,0,0,0,0,46,46
SP,ENGENHEIRO COELHO,-22.4911899524775,-47.2130797305393,0,0,0,0,0,12,0,0,0,0,12
SP,GARÇA,-22.21070949,-49.656529935058,0,0,0,0,0,0,21,0,0,0,21
SP,ICEM,-20.3435051210596,-49.1961201914742,0,0,0,0,0,55,0,0,0,0,55
SP,IGARAPAVA,-20.039612535,-47.7510665713129,0,0,0,0,42,0,0,0,0,0,42
SP,MOJI MIRIM,-22.4326955,-46.9563671265789,0,0,0,0,0,10,0,0,0,0,10
SP,NOVA CAMPINA,-24.1232104179112,-48.9057384790491,0,0,0,0,0,0,0,0,63,0,63
SP,ORINDIÚVA,-20.1801967430367,-49.3518184809986,0,0,0,0,0,64,0,0,0,0,64
SP,PEDERNEIRAS,-22.3554915,-48.7796809636212,0,0,0,0,19,0,0,0,0,0,19
SP,PIRAJUÍ,-21.993447,-49.4566424333695,0,0,0,0,0,10,0,0,0,0,10
SP,PRADÓPOLIS,-21.358049011278,-48.0655830220454,0,0,0,0,0,0,0,0,0,9,9
SP,PRATÂNIA,-22.8114679844676,-48.6646855775174,0,0,0,0,0,21,0,0,0,0,21
SP,SÃO PAULO,-23.5673865,-46.5703831821127,0,0,0,0,0,0,17,51,32,138,238
TO,ALMAS,-11.5745234694478,-47.1741716842358,0,0,0,2,0,0,0,0,0,0,2
TO,ANANÁS,-6.36281815410008,-48.0797646061948,169,7,54,210,8,10,0,0,0,0,458
TO,ARAGOMINAS,-7.16434927144369,-48.5234301922917,0,45,0,0,0,0,0,0,0,0,45
TO,ARAGUACEMA,-8.80180254411114,-49.5618126396073,0,0,0,0,0,0,0,39,6,0,45
TO,ARAGUAÇU,-12.9255837118616,-49.8286124432782,0,0,0,0,0,0,28,0,0,0,28
TO,ARAGUAÍNA,-7.19132893965495,-48.2087052518558,8,49,4,6,0,0,19,0,0,0,86
TO,ARAGUANÃ,-6.58224942002919,-48.643749546943,54,0,0,0,13,0,0,0,0,0,67
TO,ARAGUATINS,-5.65058647299995,-48.1235073430293,0,6,0,0,0,0,0,0,0,56,62
TO,ARAPOEMA,-7.65256973541903,-49.0756373852721,0,84,0,101,5,0,0,0,0,0,190
TO,AXIXÁ DO TOCANTINS,-5.62430906592744,-47.7741560325221,0,0,40,8,0,0,0,0,0,0,48
TO,BANDEIRANTES DO TOCANTINS,-7.76485914125332,-48.5783806048643,40,15,10,0,0,0,0,0,33,0,98
TO,BRASILÂNDIA,-8.38488935107799,-48.4853744191239,0,12,0,0,0,0,0,0,8,0,20
TO,CACHOEIRINHA,-6.11324164650466,-47.9141977785589,0,60,0,0,0,0,0,0,0,0,60
TO,CAMPOS LINDOS,-7.97168139413731,-46.8019743467067,20,0,0,0,9,0,0,0,0,0,29
TO,CARIRI DO TOCANTINS,-11.8889974638744,-49.1710407289888,0,0,0,0,0,5,0,0,0,0,5
TO,CARMOLÂNDIA,-7.03147877786105,-48.3959599306274,15,0,0,4,0,0,0,0,0,0,19
TO,CASEARA,-9.26740621890347,-49.9486922677787,0,0,0,0,0,0,274,0,0,0,274
TO,CHAPADA DA NATIVIDADE,-11.6242678313621,-47.7539048918564,0,0,0,0,0,0,0,0,27,0,27
TO,COLINAS DO TOCANTINS,-8.05462467549995,-48.4815945437489,0,0,0,0,4,8,4,0,0,0,16
TO,COLMÉIA,-8.72937180681859,-48.7570665856947,0,0,0,0,0,0,8,20,0,0,28
TO,CONCEIÇÃO DO TOCANTINS,-12.2172777669654,-47.2928688108069,0,0,0,4,0,12,0,0,6,0,22
TO,CRISTALÂNDIA,-10.5907246371176,-49.1863002912611,0,0,0,0,0,0,0,0,0,16,16
TO,CRIXÁS DO TOCANTINS,-11.1042742936042,-48.9155138256477,0,0,0,0,0,0,0,0,0,7,7
TO,DARCINÓPOLIS,-6.71235100148175,-47.7521611102799,8,29,0,0,0,0,0,0,0,103,140
TO,DIANÓPOLIS,-11.625231878065,-46.8204090669434,0,0,0,0,0,0,0,0,0,9,9
TO,DOIS IRMÃOS,-9.26129670979711,-49.0673386442723,0,0,0,0,21,0,0,0,0,0,21
TO,DUERÉ,-11.3412854167798,-49.2658759161628,0,0,0,0,0,0,0,0,0,8,8
TO,ITAPORÃ DO TOCANTINS,-8.56882861156053,-48.6932637032248,24,0,0,0,0,0,0,0,0,0,24
TO,MARIANÓPOLIS DO TOCANTINS,-9.79888035935058,-49.6510339944377,0,0,0,0,0,0,0,0,0,45,45
TO,NATIVIDADE,-11.7053573825042,-47.7272575338231,0,0,0,0,0,0,0,26,20,0,46
TO,NOVO ACORDO,-9.96848646570169,-47.6681483922167,0,0,0,0,0,0,0,0,6,0,6
TO,NOVO JARDIM,-11.8158750501489,-46.6307872958898,0,0,11,0,0,0,0,0,0,0,11
TO,PALMEIRAS DO TOCANTINS,-6.6118623345617,-47.5586835262825,0,0,0,0,0,0,20,0,0,0,20
TO,PAU D'ARCO,-7.53999835569997,-49.3633064810091,0,16,0,0,0,0,0,0,0,0,16
TO,PEIXE,-12.029773830853,-48.537810626336,0,0,0,0,5,0,0,0,0,0,5
TO,PONTE ALTA DO BOM JESUS,-12.0878129084344,-46.4695867923951,0,0,3,0,11,0,0,0,0,0,14
TO,PORTO ALEGRE DO TOCANTINS,-11.6072590990884,-47.0474256004295,0,0,0,0,0,0,0,0,0,14,14
TO,PORTO NACIONAL,-10.7085699169999,-48.4121534584309,0,0,100,0,0,1,0,7,0,12,120
TO,PRESIDENTE KENNEDY,-8.52996082761917,-48.504330670109,9,0,0,0,0,0,0,0,0,13,22
TO,RECURSOLÂNDIA,-8.73536045388012,-47.2380411950207,0,0,0,27,0,0,0,0,0,0,27
TO,RIACHINHO,-6.4422113876974,-48.1410455020379,0,0,0,20,0,0,0,0,0,0,20
TO,SANDOLÂNDIA,-12.5416001674832,-49.9333881543011,0,0,0,0,0,0,0,0,0,26,26
TO,SANTA FÉ DO ARAGUAIA,-7.1499363850312,-48.6939418034376,0,0,0,0,0,13,0,0,0,0,13
TO,SANTA ROSA DO TOCANTINS,-11.4514039985494,-48.1199542217524,0,0,14,0,0,0,0,0,0,0,14
TO,SÃO BENTO,-6.04499925719238,-47.9193922870533,0,0,0,73,8,0,0,0,0,0,81
TO,SILVANÓPOLIS,-11.1498613085628,-48.1798241355321,0,0,7,0,0,0,0,0,0,0,7
TO,SUCUPIRA,-11.9862215108599,-48.911126282687,0,0,36,0,0,0,0,0,0,0,36
TO,TAIPAS DO TOCANTINS,-12.1928372090542,-46.9845717959323,0,0,0,0,0,17,0,0,0,0,17
TO,TOCANTINÓPOLIS,-6.32563437602796,-47.4274129286926,0,174,0,0,0,0,0,0,0,0,174
TO,XAMBIOÁ,-6.41188502017984,-48.5316010728169,0,44,16,0,7,12,0,0,0,0,79
